<xml xmlns="http://www.w3.org/1999/xhtml">
  <block type="mediacomp_run" id="2" x="75" y="6">
    <statement name="DO">
      <block type="variables_set" id="219" inline="true">
        <field name="VAR">view_left</field>
        <value name="VALUE">
          <block type="math_number" id="220">
            <field name="NUM">-0.7</field>
          </block>
        </value>
        <next>
          <block type="variables_set" id="221" inline="true">
            <field name="VAR">view_right</field>
            <value name="VALUE">
              <block type="math_number" id="222">
                <field name="NUM">-0.675</field>
              </block>
            </value>
            <next>
              <block type="variables_set" id="223" inline="true">
                <field name="VAR">view_top</field>
                <value name="VALUE">
                  <block type="math_number" id="224">
                    <field name="NUM">-0.45</field>
                  </block>
                </value>
                <next>
                  <block type="variables_set" id="225" inline="true">
                    <field name="VAR">view_bottom</field>
                    <value name="VALUE">
                      <block type="math_number" id="226">
                        <field name="NUM">-0.48</field>
                      </block>
                    </value>
                    <next>
                      <block type="controls_for" id="3" inline="true">
                        <field name="VAR">i</field>
                        <value name="FROM">
                          <block type="math_number" id="4">
                            <field name="NUM">0</field>
                          </block>
                        </value>
                        <value name="TO">
                          <block type="math_number" id="5">
                            <field name="NUM">400</field>
                          </block>
                        </value>
                        <value name="BY">
                          <block type="math_number" id="6">
                            <field name="NUM">1</field>
                          </block>
                        </value>
                        <statement name="DO">
                          <block type="controls_for" id="7" inline="true">
                            <field name="VAR">j</field>
                            <value name="FROM">
                              <block type="math_number" id="8">
                                <field name="NUM">0</field>
                              </block>
                            </value>
                            <value name="TO">
                              <block type="math_number" id="9">
                                <field name="NUM">400</field>
                              </block>
                            </value>
                            <value name="BY">
                              <block type="math_number" id="10">
                                <field name="NUM">1</field>
                              </block>
                            </value>
                            <statement name="DO">
                              <block type="variables_set" id="11" inline="true">
                                <field name="VAR">pixel1</field>
                                <value name="VALUE">
                                  <block type="mediacomp_getPixelAt" id="12" inline="true">
                                    <value name="X">
                                      <block type="variables_get" id="13">
                                        <field name="VAR">i</field>
                                      </block>
                                    </value>
                                    <value name="Y">
                                      <block type="variables_get" id="14">
                                        <field name="VAR">j</field>
                                      </block>
                                    </value>
                                  </block>
                                </value>
                                <next>
                                  <block type="variables_set" id="15" inline="true">
                                    <field name="VAR">x0</field>
                                    <value name="VALUE">
                                      <block type="math_arithmetic" id="16" inline="true">
                                        <field name="OP">ADD</field>
                                        <value name="A">
                                          <block type="math_arithmetic" id="17" inline="true">
                                            <field name="OP">MULTIPLY</field>
                                            <value name="A">
                                              <block type="math_arithmetic" id="407" inline="true">
                                                <field name="OP">DIVIDE</field>
                                                <value name="A">
                                                  <block type="variables_get" id="18">
                                                    <field name="VAR">i</field>
                                                  </block>
                                                </value>
                                                <value name="B">
                                                  <block type="math_number" id="408">
                                                    <field name="NUM">400</field>
                                                  </block>
                                                </value>
                                              </block>
                                            </value>
                                            <value name="B">
                                              <block type="math_arithmetic" id="327" inline="true">
                                                <field name="OP">MINUS</field>
                                                <value name="A">
                                                  <block type="variables_get" id="356">
                                                    <field name="VAR">view_right</field>
                                                  </block>
                                                </value>
                                                <value name="B">
                                                  <block type="variables_get" id="385">
                                                    <field name="VAR">view_left</field>
                                                  </block>
                                                </value>
                                              </block>
                                            </value>
                                          </block>
                                        </value>
                                        <value name="B">
                                          <block type="variables_get" id="308">
                                            <field name="VAR">view_left</field>
                                          </block>
                                        </value>
                                      </block>
                                    </value>
                                    <next>
                                      <block type="variables_set" id="21" inline="true">
                                        <field name="VAR">y0</field>
                                        <value name="VALUE">
                                          <block type="math_arithmetic" id="22" inline="true">
                                            <field name="OP">ADD</field>
                                            <value name="A">
                                              <block type="math_arithmetic" id="23" inline="true">
                                                <field name="OP">MULTIPLY</field>
                                                <value name="A">
                                                  <block type="math_arithmetic" id="409" inline="true">
                                                    <field name="OP">DIVIDE</field>
                                                    <value name="A">
                                                      <block type="variables_get" id="24">
                                                        <field name="VAR">j</field>
                                                      </block>
                                                    </value>
                                                    <value name="B">
                                                      <block type="math_number" id="411">
                                                        <field name="NUM">400</field>
                                                      </block>
                                                    </value>
                                                  </block>
                                                </value>
                                                <value name="B">
                                                  <block type="math_arithmetic" id="386" inline="true">
                                                    <field name="OP">MINUS</field>
                                                    <value name="A">
                                                      <block type="variables_get" id="387">
                                                        <field name="VAR">view_top</field>
                                                      </block>
                                                    </value>
                                                    <value name="B">
                                                      <block type="variables_get" id="388">
                                                        <field name="VAR">view_bottom</field>
                                                      </block>
                                                    </value>
                                                  </block>
                                                </value>
                                              </block>
                                            </value>
                                            <value name="B">
                                              <block type="variables_get" id="279">
                                                <field name="VAR">view_bottom</field>
                                              </block>
                                            </value>
                                          </block>
                                        </value>
                                        <next>
                                          <block type="variables_set" id="27" inline="true">
                                            <field name="VAR">x</field>
                                            <value name="VALUE">
                                              <block type="math_number" id="28">
                                                <field name="NUM">0</field>
                                              </block>
                                            </value>
                                            <next>
                                              <block type="variables_set" id="29" inline="true">
                                                <field name="VAR">y</field>
                                                <value name="VALUE">
                                                  <block type="math_number" id="30">
                                                    <field name="NUM">0</field>
                                                  </block>
                                                </value>
                                                <next>
                                                  <block type="variables_set" id="31" inline="true">
                                                    <field name="VAR">iteration</field>
                                                    <value name="VALUE">
                                                      <block type="math_number" id="32">
                                                        <field name="NUM">0</field>
                                                      </block>
                                                    </value>
                                                    <next>
                                                      <block type="controls_whileUntil" id="33" inline="false">
                                                        <field name="MODE">WHILE</field>
                                                        <value name="BOOL">
                                                          <block type="logic_operation" id="34" inline="true">
                                                            <field name="OP">AND</field>
                                                            <value name="A">
                                                              <block type="logic_compare" id="35" inline="true">
                                                                <field name="OP">LT</field>
                                                                <value name="A">
                                                                  <block type="math_arithmetic" id="36" inline="true">
                                                                    <field name="OP">ADD</field>
                                                                    <value name="A">
                                                                      <block type="math_arithmetic" id="37" inline="true">
                                                                        <field name="OP">MULTIPLY</field>
                                                                        <value name="A">
                                                                          <block type="variables_get" id="38">
                                                                            <field name="VAR">x</field>
                                                                          </block>
                                                                        </value>
                                                                        <value name="B">
                                                                          <block type="variables_get" id="39">
                                                                            <field name="VAR">x</field>
                                                                          </block>
                                                                        </value>
                                                                      </block>
                                                                    </value>
                                                                    <value name="B">
                                                                      <block type="math_arithmetic" id="40" inline="true">
                                                                        <field name="OP">MULTIPLY</field>
                                                                        <value name="A">
                                                                          <block type="variables_get" id="41">
                                                                            <field name="VAR">y</field>
                                                                          </block>
                                                                        </value>
                                                                        <value name="B">
                                                                          <block type="variables_get" id="42">
                                                                            <field name="VAR">y</field>
                                                                          </block>
                                                                        </value>
                                                                      </block>
                                                                    </value>
                                                                  </block>
                                                                </value>
                                                                <value name="B">
                                                                  <block type="math_number" id="43">
                                                                    <field name="NUM">4</field>
                                                                  </block>
                                                                </value>
                                                              </block>
                                                            </value>
                                                            <value name="B">
                                                              <block type="logic_compare" id="44" inline="true">
                                                                <field name="OP">LT</field>
                                                                <value name="A">
                                                                  <block type="variables_get" id="45">
                                                                    <field name="VAR">iteration</field>
                                                                  </block>
                                                                </value>
                                                                <value name="B">
                                                                  <block type="math_number" id="46">
                                                                    <field name="NUM">100</field>
                                                                  </block>
                                                                </value>
                                                              </block>
                                                            </value>
                                                          </block>
                                                        </value>
                                                        <statement name="DO">
                                                          <block type="variables_set" id="47" inline="true">
                                                            <field name="VAR">xtemp</field>
                                                            <value name="VALUE">
                                                              <block type="math_arithmetic" id="48" inline="true">
                                                                <field name="OP">ADD</field>
                                                                <value name="A">
                                                                  <block type="math_arithmetic" id="49" inline="true">
                                                                    <field name="OP">MINUS</field>
                                                                    <value name="A">
                                                                      <block type="math_arithmetic" id="50" inline="true">
                                                                        <field name="OP">MULTIPLY</field>
                                                                        <value name="A">
                                                                          <block type="variables_get" id="51">
                                                                            <field name="VAR">x</field>
                                                                          </block>
                                                                        </value>
                                                                        <value name="B">
                                                                          <block type="variables_get" id="52">
                                                                            <field name="VAR">x</field>
                                                                          </block>
                                                                        </value>
                                                                      </block>
                                                                    </value>
                                                                    <value name="B">
                                                                      <block type="math_arithmetic" id="53" inline="true">
                                                                        <field name="OP">MULTIPLY</field>
                                                                        <value name="A">
                                                                          <block type="variables_get" id="54">
                                                                            <field name="VAR">y</field>
                                                                          </block>
                                                                        </value>
                                                                        <value name="B">
                                                                          <block type="variables_get" id="55">
                                                                            <field name="VAR">y</field>
                                                                          </block>
                                                                        </value>
                                                                      </block>
                                                                    </value>
                                                                  </block>
                                                                </value>
                                                                <value name="B">
                                                                  <block type="variables_get" id="56">
                                                                    <field name="VAR">x0</field>
                                                                  </block>
                                                                </value>
                                                              </block>
                                                            </value>
                                                            <next>
                                                              <block type="variables_set" id="57" inline="true">
                                                                <field name="VAR">y</field>
                                                                <value name="VALUE">
                                                                  <block type="math_arithmetic" id="58" inline="true">
                                                                    <field name="OP">ADD</field>
                                                                    <value name="A">
                                                                      <block type="math_arithmetic" id="59" inline="true">
                                                                        <field name="OP">MULTIPLY</field>
                                                                        <value name="A">
                                                                          <block type="math_number" id="60">
                                                                            <field name="NUM">2</field>
                                                                          </block>
                                                                        </value>
                                                                        <value name="B">
                                                                          <block type="math_arithmetic" id="61" inline="true">
                                                                            <field name="OP">MULTIPLY</field>
                                                                            <value name="A">
                                                                              <block type="variables_get" id="62">
                                                                                <field name="VAR">x</field>
                                                                              </block>
                                                                            </value>
                                                                            <value name="B">
                                                                              <block type="variables_get" id="63">
                                                                                <field name="VAR">y</field>
                                                                              </block>
                                                                            </value>
                                                                          </block>
                                                                        </value>
                                                                      </block>
                                                                    </value>
                                                                    <value name="B">
                                                                      <block type="variables_get" id="64">
                                                                        <field name="VAR">y0</field>
                                                                      </block>
                                                                    </value>
                                                                  </block>
                                                                </value>
                                                                <next>
                                                                  <block type="variables_set" id="65" inline="true">
                                                                    <field name="VAR">x</field>
                                                                    <value name="VALUE">
                                                                      <block type="variables_get" id="66">
                                                                        <field name="VAR">xtemp</field>
                                                                      </block>
                                                                    </value>
                                                                    <next>
                                                                      <block type="variables_set" id="67" inline="true">
                                                                        <field name="VAR">iteration</field>
                                                                        <value name="VALUE">
                                                                          <block type="math_arithmetic" id="68" inline="true">
                                                                            <field name="OP">ADD</field>
                                                                            <value name="A">
                                                                              <block type="variables_get" id="69">
                                                                                <field name="VAR">iteration</field>
                                                                              </block>
                                                                            </value>
                                                                            <value name="B">
                                                                              <block type="math_number" id="70">
                                                                                <field name="NUM">1</field>
                                                                              </block>
                                                                            </value>
                                                                          </block>
                                                                        </value>
                                                                      </block>
                                                                    </next>
                                                                  </block>
                                                                </next>
                                                              </block>
                                                            </next>
                                                          </block>
                                                        </statement>
                                                        <next>
                                                          <block type="controls_if" id="71" inline="false">
                                                            <mutation else="1"></mutation>
                                                            <value name="IF0">
                                                              <block type="logic_compare" id="72" inline="true">
                                                                <field name="OP">EQ</field>
                                                                <value name="A">
                                                                  <block type="variables_get" id="73">
                                                                    <field name="VAR">iteration</field>
                                                                  </block>
                                                                </value>
                                                                <value name="B">
                                                                  <block type="math_number" id="74">
                                                                    <field name="NUM">100</field>
                                                                  </block>
                                                                </value>
                                                              </block>
                                                            </value>
                                                            <statement name="DO0">
                                                              <block type="mediacomp_setPixelRGB" id="75" inline="true">
                                                                <field name="RGB">r</field>
                                                                <value name="PIXEL">
                                                                  <block type="variables_get" id="76">
                                                                    <field name="VAR">pixel1</field>
                                                                  </block>
                                                                </value>
                                                                <value name="VALUE">
                                                                  <block type="math_number" id="77">
                                                                    <field name="NUM">0</field>
                                                                  </block>
                                                                </value>
                                                                <next>
                                                                  <block type="mediacomp_setPixelRGB" id="78" inline="true">
                                                                    <field name="RGB">g</field>
                                                                    <value name="PIXEL">
                                                                      <block type="variables_get" id="79">
                                                                        <field name="VAR">pixel1</field>
                                                                      </block>
                                                                    </value>
                                                                    <value name="VALUE">
                                                                      <block type="math_number" id="80">
                                                                        <field name="NUM">0</field>
                                                                      </block>
                                                                    </value>
                                                                    <next>
                                                                      <block type="mediacomp_setPixelRGB" id="81" inline="true">
                                                                        <field name="RGB">b</field>
                                                                        <value name="PIXEL">
                                                                          <block type="variables_get" id="82">
                                                                            <field name="VAR">pixel1</field>
                                                                          </block>
                                                                        </value>
                                                                        <value name="VALUE">
                                                                          <block type="math_number" id="83">
                                                                            <field name="NUM">0</field>
                                                                          </block>
                                                                        </value>
                                                                      </block>
                                                                    </next>
                                                                  </block>
                                                                </next>
                                                              </block>
                                                            </statement>
                                                            <statement name="ELSE">
                                                              <block type="mediacomp_setPixelRGB" id="84" inline="true">
                                                                <field name="RGB">r</field>
                                                                <value name="PIXEL">
                                                                  <block type="variables_get" id="85">
                                                                    <field name="VAR">pixel1</field>
                                                                  </block>
                                                                </value>
                                                                <value name="VALUE">
                                                                  <block type="math_arithmetic" id="181" inline="true">
                                                                    <field name="OP">ADD</field>
                                                                    <value name="A">
                                                                      <block type="math_arithmetic" id="111" inline="true">
                                                                        <field name="OP">MULTIPLY</field>
                                                                        <value name="A">
                                                                          <block type="math_arithmetic" id="130" inline="true">
                                                                            <field name="OP">DIVIDE</field>
                                                                            <value name="A">
                                                                              <block type="variables_get" id="151">
                                                                                <field name="VAR">iteration</field>
                                                                              </block>
                                                                            </value>
                                                                            <value name="B">
                                                                              <block type="math_number" id="152">
                                                                                <field name="NUM">100</field>
                                                                              </block>
                                                                            </value>
                                                                          </block>
                                                                        </value>
                                                                        <value name="B">
                                                                          <block type="math_number" id="86">
                                                                            <field name="NUM">128</field>
                                                                          </block>
                                                                        </value>
                                                                      </block>
                                                                    </value>
                                                                    <value name="B">
                                                                      <block type="math_number" id="182">
                                                                        <field name="NUM">127</field>
                                                                      </block>
                                                                    </value>
                                                                  </block>
                                                                </value>
                                                                <next>
                                                                  <block type="mediacomp_setPixelRGB" id="87" inline="true">
                                                                    <field name="RGB">g</field>
                                                                    <value name="PIXEL">
                                                                      <block type="variables_get" id="88">
                                                                        <field name="VAR">pixel1</field>
                                                                      </block>
                                                                    </value>
                                                                    <value name="VALUE">
                                                                      <block type="math_arithmetic" id="412" inline="true">
                                                                        <field name="OP">ADD</field>
                                                                        <value name="A">
                                                                          <block type="math_arithmetic" id="413" inline="true">
                                                                            <field name="OP">MULTIPLY</field>
                                                                            <value name="A">
                                                                              <block type="math_arithmetic" id="414" inline="true">
                                                                                <field name="OP">DIVIDE</field>
                                                                                <value name="A">
                                                                                  <block type="variables_get" id="415">
                                                                                    <field name="VAR">iteration</field>
                                                                                  </block>
                                                                                </value>
                                                                                <value name="B">
                                                                                  <block type="math_number" id="416">
                                                                                    <field name="NUM">100</field>
                                                                                  </block>
                                                                                </value>
                                                                              </block>
                                                                            </value>
                                                                            <value name="B">
                                                                              <block type="math_number" id="417">
                                                                                <field name="NUM">128</field>
                                                                              </block>
                                                                            </value>
                                                                          </block>
                                                                        </value>
                                                                        <value name="B">
                                                                          <block type="math_number" id="418">
                                                                            <field name="NUM">127</field>
                                                                          </block>
                                                                        </value>
                                                                      </block>
                                                                    </value>
                                                                    <next>
                                                                      <block type="mediacomp_setPixelRGB" id="90" inline="true">
                                                                        <field name="RGB">b</field>
                                                                        <value name="PIXEL">
                                                                          <block type="variables_get" id="91">
                                                                            <field name="VAR">pixel1</field>
                                                                          </block>
                                                                        </value>
                                                                        <value name="VALUE">
                                                                          <block type="math_arithmetic" id="419" inline="true">
                                                                            <field name="OP">ADD</field>
                                                                            <value name="A">
                                                                              <block type="math_arithmetic" id="420" inline="true">
                                                                                <field name="OP">MULTIPLY</field>
                                                                                <value name="A">
                                                                                  <block type="math_arithmetic" id="421" inline="true">
                                                                                    <field name="OP">DIVIDE</field>
                                                                                    <value name="A">
                                                                                      <block type="variables_get" id="422">
                                                                                        <field name="VAR">iteration</field>
                                                                                      </block>
                                                                                    </value>
                                                                                    <value name="B">
                                                                                      <block type="math_number" id="423">
                                                                                        <field name="NUM">100</field>
                                                                                      </block>
                                                                                    </value>
                                                                                  </block>
                                                                                </value>
                                                                                <value name="B">
                                                                                  <block type="math_number" id="424">
                                                                                    <field name="NUM">128</field>
                                                                                  </block>
                                                                                </value>
                                                                              </block>
                                                                            </value>
                                                                            <value name="B">
                                                                              <block type="math_number" id="425">
                                                                                <field name="NUM">127</field>
                                                                              </block>
                                                                            </value>
                                                                          </block>
                                                                        </value>
                                                                      </block>
                                                                    </next>
                                                                  </block>
                                                                </next>
                                                              </block>
                                                            </statement>
                                                          </block>
                                                        </next>
                                                      </block>
                                                    </next>
                                                  </block>
                                                </next>
                                              </block>
                                            </next>
                                          </block>
                                        </next>
                                      </block>
                                    </next>
                                  </block>
                                </next>
                              </block>
                            </statement>
                          </block>
                        </statement>
                      </block>
                    </next>
                  </block>
                </next>
              </block>
            </next>
          </block>
        </next>
      </block>
    </statement>
  </block>
</xml>