<xml xmlns="http://www.w3.org/1999/xhtml">
  <block type="mediacomp_run" id="25" x="63" y="34">
    <statement name="DO">
      <block type="controls_forfor" id="80" inline="true">
        <field name="VAR">x</field>
        <field name="VAR2">y</field>
        <value name="FROM">
          <block type="math_number" id="81">
            <field name="NUM">0</field>
          </block>
        </value>
        <value name="TO">
          <block type="math_number" id="82">
            <field name="NUM">400</field>
          </block>
        </value>
        <value name="BY">
          <block type="math_number" id="83">
            <field name="NUM">1</field>
          </block>
        </value>
        <statement name="DO">
          <block type="variables_set" id="34" inline="true">
            <field name="VAR">pixel</field>
            <value name="VALUE">
              <block type="mediacomp_getPixelAt" id="35" inline="true">
                <value name="X">
                  <block type="variables_get" id="36">
                    <field name="VAR">x</field>
                  </block>
                </value>
                <value name="Y">
                  <block type="variables_get" id="37">
                    <field name="VAR">y</field>
                  </block>
                </value>
                <value name="CANVAS">
                  <block type="math_number" id="38">
                    <field name="NUM">2</field>
                  </block>
                </value>
              </block>
            </value>
            <next>
              <block type="mediacomp_setPixelRGB" id="39" inline="true">
                <field name="RGB">r</field>
                <value name="PIXEL">
                  <block type="variables_get" id="40">
                    <field name="VAR">pixel</field>
                  </block>
                </value>
                <value name="VALUE">
                  <block type="math_arithmetic" id="41" inline="true">
                    <field name="OP">MINUS</field>
                    <value name="A">
                      <block type="math_number" id="42">
                        <field name="NUM">255</field>
                      </block>
                    </value>
                    <value name="B">
                      <block type="mediacomp_getPixelRGB" id="43" inline="true">
                        <field name="RGB">r</field>
                        <value name="PIXEL">
                          <block type="variables_get" id="44">
                            <field name="VAR">pixel</field>
                          </block>
                        </value>
                      </block>
                    </value>
                  </block>
                </value>
                <next>
                  <block type="mediacomp_setPixelRGB" id="45" inline="true">
                    <field name="RGB">g</field>
                    <value name="PIXEL">
                      <block type="variables_get" id="46">
                        <field name="VAR">pixel</field>
                      </block>
                    </value>
                    <value name="VALUE">
                      <block type="math_arithmetic" id="47" inline="true">
                        <field name="OP">MINUS</field>
                        <value name="A">
                          <block type="math_number" id="48">
                            <field name="NUM">255</field>
                          </block>
                        </value>
                        <value name="B">
                          <block type="mediacomp_getPixelRGB" id="49" inline="true">
                            <field name="RGB">g</field>
                            <value name="PIXEL">
                              <block type="variables_get" id="50">
                                <field name="VAR">pixel</field>
                              </block>
                            </value>
                          </block>
                        </value>
                      </block>
                    </value>
                    <next>
                      <block type="mediacomp_setPixelRGB" id="51" inline="true">
                        <field name="RGB">b</field>
                        <value name="PIXEL">
                          <block type="variables_get" id="52">
                            <field name="VAR">pixel</field>
                          </block>
                        </value>
                        <value name="VALUE">
                          <block type="math_arithmetic" id="53" inline="true">
                            <field name="OP">MINUS</field>
                            <value name="A">
                              <block type="math_number" id="54">
                                <field name="NUM">255</field>
                              </block>
                            </value>
                            <value name="B">
                              <block type="mediacomp_getPixelRGB" id="55" inline="true">
                                <field name="RGB">b</field>
                                <value name="PIXEL">
                                  <block type="variables_get" id="56">
                                    <field name="VAR">pixel</field>
                                  </block>
                                </value>
                              </block>
                            </value>
                          </block>
                        </value>
                      </block>
                    </next>
                  </block>
                </next>
              </block>
            </next>
          </block>
        </statement>
      </block>
    </statement>
  </block>
</xml>