<xml xmlns="http://www.w3.org/1999/xhtml">
  <block type="mediacomp_run" id="2" x="6" y="57">
    <statement name="DO">
      <block type="controls_forfor" id="3" inline="true">
        <field name="VAR">x</field>
        <field name="VAR2">y</field>
        <value name="FROM">
          <block type="math_number" id="4">
            <field name="NUM">0</field>
          </block>
        </value>
        <value name="TO">
          <block type="math_number" id="5">
            <field name="NUM">400</field>
          </block>
        </value>
        <value name="BY">
          <block type="math_number" id="6">
            <field name="NUM">1</field>
          </block>
        </value>
        <statement name="DO">
          <block type="variables_set" id="7" inline="true">
            <field name="VAR">pixel</field>
            <value name="VALUE">
              <block type="mediacomp_getPixelAt" id="8" inline="true">
                <value name="X">
                  <block type="variables_get" id="9">
                    <field name="VAR">x</field>
                  </block>
                </value>
                <value name="Y">
                  <block type="variables_get" id="10">
                    <field name="VAR">y</field>
                  </block>
                </value>
                <value name="CANVAS">
                  <block type="math_number" id="11">
                    <field name="NUM">0</field>
                  </block>
                </value>
              </block>
            </value>
            <next>
              <block type="controls_if" id="12" inline="false">
                <value name="IF0">
                  <block type="logic_compare" id="13" inline="true">
                    <field name="OP">GT</field>
                    <value name="A">
                      <block type="mediacomp_getPixelRGBIntensity" id="14" inline="true">
                        <field name="RGB">r</field>
                        <value name="PIXEL">
                          <block type="variables_get" id="15">
                            <field name="VAR">pixel</field>
                          </block>
                        </value>
                      </block>
                    </value>
                    <value name="B">
                      <block type="math_number" id="16">
                        <field name="NUM">2</field>
                      </block>
                    </value>
                  </block>
                </value>
                <statement name="DO0">
                  <block type="mediacomp_setPixelRGB" id="17" inline="true">
                    <field name="RGB">r</field>
                    <value name="PIXEL">
                      <block type="variables_get" id="18">
                        <field name="VAR">pixel</field>
                      </block>
                    </value>
                    <value name="VALUE">
                      <block type="math_on_list" id="19" inline="false">
                        <field name="OP">AVERAGE</field>
                        <value name="LIST">
                          <block type="lists_create_with" id="20" inline="false">
                            <mutation items="2"></mutation>
                            <value name="ADD0">
                              <block type="mediacomp_getPixelRGB" id="21" inline="true">
                                <field name="RGB">g</field>
                                <value name="PIXEL">
                                  <block type="variables_get" id="22">
                                    <field name="VAR">pixel</field>
                                  </block>
                                </value>
                              </block>
                            </value>
                            <value name="ADD1">
                              <block type="mediacomp_getPixelRGB" id="23" inline="true">
                                <field name="RGB">b</field>
                                <value name="PIXEL">
                                  <block type="variables_get" id="24">
                                    <field name="VAR">pixel</field>
                                  </block>
                                </value>
                              </block>
                            </value>
                          </block>
                        </value>
                      </block>
                    </value>
                  </block>
                </statement>
              </block>
            </next>
          </block>
        </statement>
      </block>
    </statement>
  </block>
</xml>