<xml xmlns="http://www.w3.org/1999/xhtml">
  <block type="mediacomp_run" id="2" x="0" y="44">
    <statement name="DO">
      <block type="variables_set" id="3" inline="true">
        <field name="VAR">x1</field>
        <value name="VALUE">
          <block type="math_random_int" id="327" inline="true">
            <value name="FROM">
              <block type="math_number" id="328">
                <field name="NUM">0</field>
              </block>
            </value>
            <value name="TO">
              <block type="math_number" id="329">
                <field name="NUM">199</field>
              </block>
            </value>
          </block>
        </value>
        <next>
          <block type="variables_set" id="5" inline="true">
            <field name="VAR">y1</field>
            <value name="VALUE">
              <block type="math_random_int" id="356" inline="true">
                <value name="FROM">
                  <block type="math_number" id="357">
                    <field name="NUM">0</field>
                  </block>
                </value>
                <value name="TO">
                  <block type="math_number" id="358">
                    <field name="NUM">399</field>
                  </block>
                </value>
              </block>
            </value>
            <next>
              <block type="variables_set" id="7" inline="true">
                <field name="VAR">x2</field>
                <value name="VALUE">
                  <block type="math_random_int" id="330" inline="true">
                    <value name="FROM">
                      <block type="math_number" id="331">
                        <field name="NUM">200</field>
                      </block>
                    </value>
                    <value name="TO">
                      <block type="math_number" id="332">
                        <field name="NUM">399</field>
                      </block>
                    </value>
                  </block>
                </value>
                <next>
                  <block type="variables_set" id="9" inline="true">
                    <field name="VAR">y2</field>
                    <value name="VALUE">
                      <block type="math_random_int" id="359" inline="true">
                        <value name="FROM">
                          <block type="math_number" id="360">
                            <field name="NUM">0</field>
                          </block>
                        </value>
                        <value name="TO">
                          <block type="math_number" id="361">
                            <field name="NUM">399</field>
                          </block>
                        </value>
                      </block>
                    </value>
                    <next>
                      <block type="controls_for" id="11" inline="true">
                        <field name="VAR">x</field>
                        <value name="FROM">
                          <block type="variables_get" id="12">
                            <field name="VAR">x1</field>
                          </block>
                        </value>
                        <value name="TO">
                          <block type="variables_get" id="13">
                            <field name="VAR">x2</field>
                          </block>
                        </value>
                        <value name="BY">
                          <block type="math_number" id="14">
                            <field name="NUM">1</field>
                          </block>
                        </value>
                        <statement name="DO">
                          <block type="variables_set" id="27" inline="true">
                            <field name="VAR">x_percent</field>
                            <value name="VALUE">
                              <block type="math_arithmetic" id="46" inline="true">
                                <field name="OP">DIVIDE</field>
                                <value name="A">
                                  <block type="math_arithmetic" id="68" inline="true">
                                    <field name="OP">MINUS</field>
                                    <value name="A">
                                      <block type="variables_get" id="69">
                                        <field name="VAR">x</field>
                                      </block>
                                    </value>
                                    <value name="B">
                                      <block type="variables_get" id="70">
                                        <field name="VAR">x1</field>
                                      </block>
                                    </value>
                                  </block>
                                </value>
                                <value name="B">
                                  <block type="math_arithmetic" id="65" inline="true">
                                    <field name="OP">MINUS</field>
                                    <value name="A">
                                      <block type="variables_get" id="66">
                                        <field name="VAR">x2</field>
                                      </block>
                                    </value>
                                    <value name="B">
                                      <block type="variables_get" id="67">
                                        <field name="VAR">x1</field>
                                      </block>
                                    </value>
                                  </block>
                                </value>
                              </block>
                            </value>
                            <next>
                              <block type="variables_set" id="85" inline="true">
                                <field name="VAR">y</field>
                                <value name="VALUE">
                                  <block type="math_round" id="213" inline="false">
                                    <field name="OP">ROUNDDOWN</field>
                                    <value name="NUM">
                                      <block type="math_arithmetic" id="104" inline="true">
                                        <field name="OP">ADD</field>
                                        <value name="A">
                                          <block type="variables_get" id="105">
                                            <field name="VAR">y1</field>
                                          </block>
                                        </value>
                                        <value name="B">
                                          <block type="math_arithmetic" id="124" inline="true">
                                            <field name="OP">MULTIPLY</field>
                                            <value name="A">
                                              <block type="variables_get" id="141">
                                                <field name="VAR">x_percent</field>
                                              </block>
                                            </value>
                                            <value name="B">
                                              <block type="math_arithmetic" id="176" inline="true">
                                                <field name="OP">MINUS</field>
                                                <value name="A">
                                                  <block type="variables_get" id="193">
                                                    <field name="VAR">y2</field>
                                                  </block>
                                                </value>
                                                <value name="B">
                                                  <block type="variables_get" id="194">
                                                    <field name="VAR">y1</field>
                                                  </block>
                                                </value>
                                              </block>
                                            </value>
                                          </block>
                                        </value>
                                      </block>
                                    </value>
                                  </block>
                                </value>
                                <next>
                                  <block type="variables_set" id="239" inline="true">
                                    <field name="VAR">pixel</field>
                                    <value name="VALUE">
                                      <block type="mediacomp_getPixelAt" id="249" inline="true">
                                        <value name="X">
                                          <block type="variables_get" id="271">
                                            <field name="VAR">x</field>
                                          </block>
                                        </value>
                                        <value name="Y">
                                          <block type="variables_get" id="290">
                                            <field name="VAR">y</field>
                                          </block>
                                        </value>
                                        <value name="CANVAS">
                                          <block type="math_number" id="252">
                                            <field name="NUM">0</field>
                                          </block>
                                        </value>
                                      </block>
                                    </value>
                                    <next>
                                      <block type="mediacomp_setPixelRGB" id="300" inline="true">
                                        <field name="RGB">r</field>
                                        <value name="PIXEL">
                                          <block type="variables_get" id="301">
                                            <field name="VAR">pixel</field>
                                          </block>
                                        </value>
                                        <value name="VALUE">
                                          <block type="math_number" id="302">
                                            <field name="NUM">0</field>
                                          </block>
                                        </value>
                                        <next>
                                          <block type="mediacomp_setPixelRGB" id="303" inline="true">
                                            <field name="RGB">g</field>
                                            <value name="PIXEL">
                                              <block type="variables_get" id="304">
                                                <field name="VAR">pixel</field>
                                              </block>
                                            </value>
                                            <value name="VALUE">
                                              <block type="math_number" id="305">
                                                <field name="NUM">0</field>
                                              </block>
                                            </value>
                                            <next>
                                              <block type="mediacomp_setPixelRGB" id="306" inline="true">
                                                <field name="RGB">b</field>
                                                <value name="PIXEL">
                                                  <block type="variables_get" id="307">
                                                    <field name="VAR">pixel</field>
                                                  </block>
                                                </value>
                                                <value name="VALUE">
                                                  <block type="math_number" id="308">
                                                    <field name="NUM">0</field>
                                                  </block>
                                                </value>
                                              </block>
                                            </next>
                                          </block>
                                        </next>
                                      </block>
                                    </next>
                                  </block>
                                </next>
                              </block>
                            </next>
                          </block>
                        </statement>
                      </block>
                    </next>
                  </block>
                </next>
              </block>
            </next>
          </block>
        </next>
      </block>
    </statement>
  </block>
</xml>