{
	"@metadata": {
		"authors": [
			"Dorongol",
			"YaronSh",
			"Amire80",
			"Inkbug",
			"Yona b",
			"Noamrotem"
		]
	},
	"VARIABLES_DEFAULT_NAME": "פריט",
	"DUPLICATE_BLOCK": "שכפל",
	"ADD_COMMENT": "הוסף תגובה",
	"REMOVE_COMMENT": "הסר הערה",
	"EXTERNAL_INPUTS": "קלטים חיצוניים",
	"INLINE_INPUTS": "קלטים פנימיים",
	"DELETE_BLOCK": "מחק קטע קוד",
	"DELETE_X_BLOCKS": "מחק %1 קטעי קוד",
	"COLLAPSE_BLOCK": "צמצם קטע קוד",
	"COLLAPSE_ALL": "צמצם קטעי קוד",
	"EXPAND_BLOCK": "הרחב קטע קוד",
	"EXPAND_ALL": "הרחב קטעי קוד",
	"DISABLE_BLOCK": "נטרל קטע קוד",
	"ENABLE_BLOCK": "הפעל קטע קוד",
	"HELP": "עזרה",
	"CHAT": "שוחח עם משתף פעולה שלך על-ידי הקלדה בתיבה זו!",
	"AUTH": "בבקשה נא לאשר את היישום הזה כדי לאפשר לעבודה שלך להישמר וכדי לאפשר את השיתוף על ידיך.",
	"CHANGE_VALUE_TITLE": "שנה ערך:",
	"NEW_VARIABLE": "משתנה חדש...",
	"NEW_VARIABLE_TITLE": "שם המשתנה החדש:",
	"RENAME_VARIABLE": "שנה את שם המשתנה...",
	"RENAME_VARIABLE_TITLE": "שנה את שם כל '%1' המשתנים ל:",
	"COLOUR_PICKER_HELPURL": "http://he.wikipedia.org/wiki/%D7%A6%D7%91%D7%A2",
	"COLOUR_PICKER_TOOLTIP": "בחר צבע מן הצבעים.",
	"COLOUR_RANDOM_TITLE": "צבע אקראי",
	"COLOUR_RANDOM_TOOLTIP": "בחר צבא אקראי.",
	"COLOUR_RGB_HELPURL": "http://www.december.com/html/spec/colorper.html",
	"COLOUR_RGB_TITLE": "צבע עם",
	"COLOUR_RGB_RED": "אדום",
	"COLOUR_RGB_GREEN": "ירוק",
	"COLOUR_RGB_BLUE": "כחול",
	"COLOUR_RGB_TOOLTIP": "צור צבע עם הסכום המצוין של אדום, ירוק וכחול. כל הערכים חייבים להיות בין 0 ל100.",
	"COLOUR_BLEND_HELPURL": "http://meyerweb.com/eric/tools/color-blend/",
	"COLOUR_BLEND_TITLE": "ערבב",
	"COLOUR_BLEND_COLOUR1": "צבע 1",
	"COLOUR_BLEND_COLOUR2": "צבע 2",
	"COLOUR_BLEND_RATIO": "יחס",
	"COLOUR_BLEND_TOOLTIP": "מערבב שני צבעים יחד עם יחס נתון(0.0 - 1.0).",
	"CONTROLS_REPEAT_HELPURL": "http://en.wikipedia.org/wiki/For_loop",
	"CONTROLS_REPEAT_TITLE": "חזור על הפעולה %1 פעמים",
	"CONTROLS_REPEAT_TITLE_REPEAT": "חזור",
	"CONTROLS_REPEAT_TITLE_TIMES": "פעמים",
	"CONTROLS_REPEAT_INPUT_DO": "תעשה",
	"CONTROLS_REPEAT_TOOLTIP": "תעשה כמה פעולות מספר פעמים.",
	"CONTROLS_WHILEUNTIL_HELPURL": "http://code.google.com/p/blockly/wiki/Repeat",
	"CONTROLS_WHILEUNTIL_OPERATOR_WHILE": "חזור כל עוד",
	"CONTROLS_WHILEUNTIL_OPERATOR_UNTIL": "חזור עד ש...",
	"CONTROLS_WHILEUNTIL_TOOLTIP_WHILE": "בזמן שהערך שווה לשגוי, תעשה מספר חישובים.",
	"CONTROLS_WHILEUNTIL_TOOLTIP_UNTIL": "בזמן שהערך שווה לשגוי, תעשה מספר חישובים.",
	"CONTROLS_FOR_HELPURL": "https://code.google.com/p/blockly/wiki/Loops#count_with",
	"CONTROLS_FOR_TOOLTIP": "Have the variable %1 take on the values from the start number to the end number, counting by the specified interval, and do the specified blocks.",
	"CONTROLS_FOR_INPUT_WITH": "תספור עם",
	"CONTROLS_FOR_INPUT_FROM_TO_BY": "מ- %1 ל- %2 עד- %3",
	"CONTROLS_FOREACH_HELPURL": "https://code.google.com/p/blockly/wiki/Loops#for_each",
	"CONTROLS_FOREACH_INPUT_ITEM": "לכל פריט",
	"CONTROLS_FOREACH_INPUT_INLIST": "ברשימה",
	"CONTROLS_FOREACH_TOOLTIP": "הגדר את המשתנה '%1' לכל פריט ברשימה, ולאחר מכן בצע כמה חישובים.",
	"CONTROLS_FLOW_STATEMENTS_HELPURL": "https://code.google.com/p/blockly/wiki/Loops#Loop_Termination_Blocks",
	"CONTROLS_FLOW_STATEMENTS_OPERATOR_BREAK": "צא מהלולאה",
	"CONTROLS_FLOW_STATEMENTS_OPERATOR_CONTINUE": "המשך עם האיטרציה הבאה של הלולאה",
	"CONTROLS_FLOW_STATEMENTS_TOOLTIP_BREAK": "צא אל מחוץ ללולאה הכוללת.",
	"CONTROLS_FLOW_STATEMENTS_TOOLTIP_CONTINUE": "דלג על שאר הלולאה והמשך עם האיטרציה הבאה.",
	"CONTROLS_FLOW_STATEMENTS_WARNING": "אזהרה: בלוק זה עשוי לשמש רק בתוך לולאה.",
	"CONTROLS_IF_HELPURL": "http://code.google.com/p/blockly/wiki/If_Then",
	"CONTROLS_IF_TOOLTIP_1": "אם ערך נכון, בצע מספר חישובים.",
	"CONTROLS_IF_TOOLTIP_2": "אם הערך נכון, אז תבצע את הבלוק הראשון של הצהרות. אחרת, בצע את הבלוק השני של הצהרות.",
	"CONTROLS_IF_TOOLTIP_3": "אם הערך הראשון שווה לנכון, אז בצע את הבלוק הראשון של הצהרות. אחרת, אם הערך השני נכון, בצע את הבלוק השני של הצהרות.",
	"CONTROLS_IF_TOOLTIP_4": "אם הערך הראשון נכון, אז תבצע את הבלוק הראשון של הצהרות. אחרת, אם הערך השני נכון, בצע את הבלוק השני של הצהרות. אם אף אחד מהם לא נכון, בצע את הבלוק האחרון של הצהרות.",
	"CONTROLS_IF_MSG_IF": "אם",
	"CONTROLS_IF_MSG_ELSEIF": "אחרת אם",
	"CONTROLS_IF_MSG_ELSE": "אחרת",
	"CONTROLS_IF_IF_TOOLTIP": "תוסיף, תמחק, או תסדר מחדש כדי להגדיר מחדש את הבלוק If.",
	"CONTROLS_IF_ELSEIF_TOOLTIP": "תוסיף תנאי לבלוק If.",
	"CONTROLS_IF_ELSE_TOOLTIP": "לסיום, כל התנאים תקפים לגבי בלוק If.",
	"LOGIC_COMPARE_HELPURL": "http://en.wikipedia.org/wiki/Inequality_(mathematics)",
	"LOGIC_COMPARE_TOOLTIP_EQ": "תחזיר נכון אם שני הקלטים שווים אחד לשני.",
	"LOGIC_COMPARE_TOOLTIP_NEQ": "תחזיר אמת אם שני הקלטים אינם שווים זה לזה.",
	"LOGIC_COMPARE_TOOLTIP_LT": "תחזיר אמת (true) אם הקלט הראשון הוא קטן יותר מאשר הקלט השני.",
	"LOGIC_COMPARE_TOOLTIP_LTE": "תחזיר אמת אם הקלט הראשון הוא קטן יותר או שווה לקלט השני.",
	"LOGIC_COMPARE_TOOLTIP_GT": "תחזיר נכון אם הקלט הראשון גדול יותר מהקלט השני.",
	"LOGIC_COMPARE_TOOLTIP_GTE": "תחזיר נכון אם הקלט הראשון גדול יותר או שווה לכניסה השנייה.",
	"LOGIC_OPERATION_HELPURL": "http://code.google.com/p/blockly/wiki/And_Or",
	"LOGIC_OPERATION_TOOLTIP_AND": "תחזיר נכון אם שני הקלטים נכונים.",
	"LOGIC_OPERATION_AND": "ו",
	"LOGIC_OPERATION_TOOLTIP_OR": "תחזיר נכון אם מתקיים לפחות אחד מהקלטים נכונים.",
	"LOGIC_OPERATION_OR": "או",
	"LOGIC_NEGATE_HELPURL": "http://code.google.com/p/blockly/wiki/Not",
	"LOGIC_NEGATE_TITLE": "לא %1",
	"LOGIC_NEGATE_TOOLTIP": "Returns true if the input is false.  Returns false if the input is true.",
	"LOGIC_BOOLEAN_HELPURL": "http://code.google.com/p/blockly/wiki/True_False",
	"LOGIC_BOOLEAN_TRUE": "נכון",
	"LOGIC_BOOLEAN_FALSE": "שגוי",
	"LOGIC_BOOLEAN_TOOLTIP": "תחזיר אם נכון או אם שגוי.",
	"LOGIC_NULL_HELPURL": "http://en.wikipedia.org/wiki/Nullable_type",
	"LOGIC_NULL": "null",
	"LOGIC_NULL_TOOLTIP": "תחזיר ריק.",
	"LOGIC_TERNARY_HELPURL": "http://en.wikipedia.org/wiki/%3F:",
	"LOGIC_TERNARY_CONDITION": "בדיקה",
	"LOGIC_TERNARY_IF_TRUE": "אם נכון",
	"LOGIC_TERNARY_IF_FALSE": "אם שגוי",
	"LOGIC_TERNARY_TOOLTIP": "בדוק את התנאי ב'מבחן'. אם התנאי נכון, תחזיר את הערך 'אם נכון'; אחרת תחזיר את הערך 'אם שגוי'.",
	"MATH_NUMBER_HELPURL": "http://en.wikipedia.org/wiki/Number",
	"MATH_NUMBER_TOOLTIP": "מספר.",
	"MATH_ADDITION_SYMBOL": "+",
	"MATH_SUBTRACTION_SYMBOL": "-",
	"MATH_DIVISION_SYMBOL": "÷",
	"MATH_MULTIPLICATION_SYMBOL": "×",
	"MATH_POWER_SYMBOL": "^",
	"MATH_TRIG_SIN": "sin",
	"MATH_TRIG_COS": "cos",
	"MATH_TRIG_TAN": "tan",
	"MATH_TRIG_ASIN": "asin",
	"MATH_TRIG_ACOS": "acos",
	"MATH_TRIG_ATAN": "atan",
	"MATH_ARITHMETIC_HELPURL": "http://he.wikipedia.org/wiki/%D7%90%D7%A8%D7%99%D7%AA%D7%9E%D7%98%D7%99%D7%A7%D7%94",
	"MATH_ARITHMETIC_TOOLTIP_ADD": "תחזיר את סכום שני המספרים.",
	"MATH_ARITHMETIC_TOOLTIP_MINUS": "Return the difference of the two numbers.",
	"MATH_ARITHMETIC_TOOLTIP_MULTIPLY": "Return the product of the two numbers.",
	"MATH_ARITHMETIC_TOOLTIP_DIVIDE": "Return the quotient of the two numbers.",
	"MATH_ARITHMETIC_TOOLTIP_POWER": "Return the first number raised to the power of the second number.",
	"MATH_SINGLE_HELPURL": "http://en.wikipedia.org/wiki/Square_root",
	"MATH_SINGLE_OP_ROOT": "square root",
	"MATH_SINGLE_TOOLTIP_ROOT": "Return the square root of a number.",
	"MATH_SINGLE_OP_ABSOLUTE": "ערך מוחלט",
	"MATH_SINGLE_TOOLTIP_ABS": "Return the absolute value of a number.",
	"MATH_SINGLE_TOOLTIP_NEG": "Return the negation of a number.",
	"MATH_SINGLE_TOOLTIP_LN": "Return the natural logarithm of a number.",
	"MATH_SINGLE_TOOLTIP_LOG10": "Return the base 10 logarithm of a number.",
	"MATH_SINGLE_TOOLTIP_EXP": "Return e to the power of a number.",
	"MATH_SINGLE_TOOLTIP_POW10": "Return 10 to the power of a number.",
	"MATH_TRIG_HELPURL": "http://en.wikipedia.org/wiki/Trigonometric_functions",
	"MATH_TRIG_TOOLTIP_SIN": "Return the sine of a degree (not radian).",
	"MATH_TRIG_TOOLTIP_COS": "Return the cosine of a degree (not radian).",
	"MATH_TRIG_TOOLTIP_TAN": "Return the tangent of a degree (not radian).",
	"MATH_TRIG_TOOLTIP_ASIN": "Return the arcsine of a number.",
	"MATH_TRIG_TOOLTIP_ACOS": "Return the arccosine of a number.",
	"MATH_TRIG_TOOLTIP_ATAN": "Return the arctangent of a number.",
	"MATH_CONSTANT_HELPURL": "http://en.wikipedia.org/wiki/Mathematical_constant",
	"MATH_CONSTANT_TOOLTIP": "Return one of the common constants: π (3.141…), e (2.718…), φ (1.618…), sqrt(2) (1.414…), sqrt(½) (0.707…), or ∞ (infinity).",
	"MATH_IS_EVEN": "זוגי",
	"MATH_IS_ODD": "אי-זוגי",
	"MATH_IS_PRIME": "ראשוני",
	"MATH_IS_WHOLE": "שלם",
	"MATH_IS_POSITIVE": "חיובי",
	"MATH_IS_NEGATIVE": "שלילי",
	"MATH_IS_DIVISIBLE_BY": "מתחלק ב",
	"MATH_IS_TOOLTIP": "Check if a number is an even, odd, prime, whole, positive, negative, or if it is divisible by certain number.  Returns true or false.",
	"MATH_CHANGE_HELPURL": "http://en.wikipedia.org/wiki/Programming_idiom#Incrementing_a_counter",
	"MATH_CHANGE_TITLE_CHANGE": "שנה",
	"MATH_CHANGE_INPUT_BY": "by",
	"MATH_CHANGE_TOOLTIP": "הוסף מספר למשתנה '%1'.",
	"MATH_ROUND_HELPURL": "http://en.wikipedia.org/wiki/Rounding",
	"MATH_ROUND_TOOLTIP": "Round a number up or down.",
	"MATH_ROUND_OPERATOR_ROUND": "עיגול",
	"MATH_ROUND_OPERATOR_ROUNDUP": "עיגול למעלה",
	"MATH_ROUND_OPERATOR_ROUNDDOWN": "עיגול למטה",
	"MATH_ONLIST_OPERATOR_SUM": "סכום של רשימה",
	"MATH_ONLIST_TOOLTIP_SUM": "Return the sum of all the numbers in the list.",
	"MATH_ONLIST_OPERATOR_MIN": "מינימום של רשימה",
	"MATH_ONLIST_TOOLTIP_MIN": "תחזיר את המספר הקטן ביותר ברשימה.",
	"MATH_ONLIST_OPERATOR_MAX": "מקסימום של רשימה",
	"MATH_ONLIST_TOOLTIP_MAX": "תחזיר את המספר הגדול ביותר ברשימה.",
	"MATH_ONLIST_OPERATOR_AVERAGE": "ממוצע של רשימה",
	"MATH_ONLIST_TOOLTIP_AVERAGE": "Return the average (arithmetic mean) of the numeric values in the list.",
	"MATH_ONLIST_OPERATOR_MEDIAN": "median of list",
	"MATH_ONLIST_TOOLTIP_MEDIAN": "תחזיר את המספר החיצוני ביותר ברשימה.",
	"MATH_ONLIST_OPERATOR_MODE": "modes of list",
	"MATH_ONLIST_TOOLTIP_MODE": "Return a list of the most common item(s) in the list.",
	"MATH_ONLIST_OPERATOR_STD_DEV": "standard deviation of list",
	"MATH_ONLIST_TOOLTIP_STD_DEV": "Return the standard deviation of the list.",
	"MATH_ONLIST_OPERATOR_RANDOM": "פריט אקראי מרשימה",
	"MATH_ONLIST_TOOLTIP_RANDOM": "תחזיר רכיב אקראי מרשימה.",
	"MATH_MODULO_HELPURL": "http://en.wikipedia.org/wiki/Modulo_operation",
	"MATH_MODULO_TITLE": "שארית החילוק %1 ÷ %2",
	"MATH_MODULO_TOOLTIP": "החזרת השארית מחלוקת שני המספרים.",
	"MATH_CONSTRAIN_HELPURL": "http://en.wikipedia.org/wiki/Clamping_%28graphics%29",
	"MATH_CONSTRAIN_TITLE": "constrain %1 low %2 high %3",
	"MATH_CONSTRAIN_TOOLTIP": "Constrain a number to be between the specified limits (inclusive).",
	"MATH_RANDOM_INT_HELPURL": "http://en.wikipedia.org/wiki/Random_number_generation",
	"MATH_RANDOM_INT_TITLE": "random integer from %1 to %2",
	"MATH_RANDOM_INT_TOOLTIP": "Return a random integer between the two specified limits, inclusive.",
	"MATH_RANDOM_FLOAT_HELPURL": "http://en.wikipedia.org/wiki/Random_number_generation",
	"MATH_RANDOM_FLOAT_TITLE_RANDOM": "random fraction",
	"MATH_RANDOM_FLOAT_TOOLTIP": "Return a random fraction between 0.0 (inclusive) and 1.0 (exclusive).",
	"TEXT_TEXT_HELPURL": "http://en.wikipedia.org/wiki/String_(computer_science)",
	"TEXT_TEXT_TOOLTIP": "A letter, word, or line of text.",
	"TEXT_JOIN_HELPURL": "https://code.google.com/p/blockly/wiki/Text#Text_creation",
	"TEXT_JOIN_TITLE_CREATEWITH": "create text with",
	"TEXT_JOIN_TOOLTIP": "Create a piece of text by joining together any number of items.",
	"TEXT_CREATE_JOIN_TITLE_JOIN": "join",
	"TEXT_CREATE_JOIN_TOOLTIP": "Add, remove, or reorder sections to reconfigure this text block.",
	"TEXT_CREATE_JOIN_ITEM_TOOLTIP": "Add an item to the text.",
	"TEXT_APPEND_HELPURL": "https://code.google.com/p/blockly/wiki/Text#Text_modification",
	"TEXT_APPEND_TO": "to",
	"TEXT_APPEND_APPENDTEXT": "append text",
	"TEXT_APPEND_TOOLTIP": "Append some text to variable '%1'.",
	"TEXT_LENGTH_HELPURL": "https://code.google.com/p/blockly/wiki/Text#Text_modification",
	"TEXT_LENGTH_TITLE": "length of %1",
	"TEXT_LENGTH_TOOLTIP": "Returns the number of letters (including spaces) in the provided text.",
	"TEXT_ISEMPTY_HELPURL": "https://code.google.com/p/blockly/wiki/Text#Checking_for_empty_text",
	"TEXT_ISEMPTY_TITLE": "%1 is empty",
	"TEXT_ISEMPTY_TOOLTIP": "Returns true if the provided text is empty.",
	"TEXT_INDEXOF_HELPURL": "https://code.google.com/p/blockly/wiki/Text#Finding_text",
	"TEXT_INDEXOF_TOOLTIP": "Returns the index of the first/last occurrence of first text in the second text.  Returns 0 if text is not found.",
	"TEXT_INDEXOF_INPUT_INTEXT": "in text",
	"TEXT_INDEXOF_OPERATOR_FIRST": "find first occurrence of text",
	"TEXT_INDEXOF_OPERATOR_LAST": "find last occurrence of text",
	"TEXT_CHARAT_HELPURL": "https://code.google.com/p/blockly/wiki/Text#Extracting_text",
	"TEXT_CHARAT_INPUT_INTEXT": "in text",
	"TEXT_CHARAT_FROM_START": "get letter #",
	"TEXT_CHARAT_FROM_END": "get letter # from end",
	"TEXT_CHARAT_FIRST": "get first letter",
	"TEXT_CHARAT_LAST": "get last letter",
	"TEXT_CHARAT_RANDOM": "get random letter",
	"TEXT_CHARAT_TOOLTIP": "Returns the letter at the specified position.",
	"TEXT_GET_SUBSTRING_TOOLTIP": "Returns a specified portion of the text.",
	"TEXT_GET_SUBSTRING_HELPURL": "http://code.google.com/p/blockly/wiki/Text#Extracting_a_region_of_text",
	"TEXT_GET_SUBSTRING_INPUT_IN_TEXT": "in text",
	"TEXT_GET_SUBSTRING_START_FROM_START": "get substring from letter #",
	"TEXT_GET_SUBSTRING_START_FROM_END": "get substring from letter # from end",
	"TEXT_GET_SUBSTRING_START_FIRST": "get substring from first letter",
	"TEXT_GET_SUBSTRING_END_FROM_START": "to letter #",
	"TEXT_GET_SUBSTRING_END_FROM_END": "to letter # from end",
	"TEXT_GET_SUBSTRING_END_LAST": "to last letter",
	"TEXT_CHANGECASE_HELPURL": "https://code.google.com/p/blockly/wiki/Text#Adjusting_text_case",
	"TEXT_CHANGECASE_TOOLTIP": "Return a copy of the text in a different case.",
	"TEXT_CHANGECASE_OPERATOR_UPPERCASE": "to UPPER CASE",
	"TEXT_CHANGECASE_OPERATOR_LOWERCASE": "to lower case",
	"TEXT_CHANGECASE_OPERATOR_TITLECASE": "to Title Case",
	"TEXT_TRIM_HELPURL": "https://code.google.com/p/blockly/wiki/Text#Trimming_%28removing%29_spaces",
	"TEXT_TRIM_TOOLTIP": "Return a copy of the text with spaces removed from one or both ends.",
	"TEXT_TRIM_OPERATOR_BOTH": "למחוק רווחים משני הקצוות",
	"TEXT_TRIM_OPERATOR_LEFT": "למחוק רווחים מימין",
	"TEXT_TRIM_OPERATOR_RIGHT": "למחוק רווחים משמאל",
	"TEXT_PRINT_HELPURL": "https://code.google.com/p/blockly/wiki/Text#Printing_text",
	"TEXT_PRINT_TITLE": "print %1",
	"TEXT_PRINT_TOOLTIP": "Print the specified text, number or other value.",
	"TEXT_PROMPT_HELPURL": "https://code.google.com/p/blockly/wiki/Text#Getting_input_from_the_user",
	"TEXT_PROMPT_TYPE_TEXT": "prompt for text with message",
	"TEXT_PROMPT_TYPE_NUMBER": "prompt for number with message",
	"TEXT_PROMPT_TOOLTIP_NUMBER": "Prompt for user for a number.",
	"TEXT_PROMPT_TOOLTIP_TEXT": "Prompt for user for some text.",
	"LISTS_CREATE_EMPTY_HELPURL": "http://en.wikipedia.org/wiki/Linked_list#Empty_lists",
	"LISTS_CREATE_EMPTY_TITLE": "צור רשימה ריקה",
	"LISTS_CREATE_EMPTY_TOOLTIP": "החזר רשימה,באורך 0, המכילה רשומות נתונים",
	"LISTS_CREATE_WITH_TOOLTIP": "צור רשימה עם כל מספר של פריטים.",
	"LISTS_CREATE_WITH_INPUT_WITH": "צור רשימה עם",
	"LISTS_CREATE_WITH_CONTAINER_TITLE_ADD": "רשימה",
	"LISTS_CREATE_WITH_CONTAINER_TOOLTIP": "תוסיף, תמחק, או תסדר מחדש כדי להגדיר מחדש את הבלוק If.",
	"LISTS_CREATE_WITH_ITEM_TOOLTIP": "הוסף פריט לרשימה.",
	"LISTS_REPEAT_HELPURL": "https://code.google.com/p/blockly/wiki/Lists#create_list_with",
	"LISTS_REPEAT_TOOLTIP": "יוצר רשימה המורכבת מהערך נתון חוזר מספר פעמים שצוין.",
	"LISTS_REPEAT_TITLE": "ליצור רשימה עם הפריט %1 %2 פעמים",
	"LISTS_LENGTH_HELPURL": "https://code.google.com/p/blockly/wiki/Lists#length_of",
	"LISTS_LENGTH_TITLE": "אורכו של %1",
	"LISTS_LENGTH_TOOLTIP": "מחזירה את האורך של רשימה.",
	"LISTS_IS_EMPTY_HELPURL": "https://code.google.com/p/blockly/wiki/Lists#is_empty",
	"LISTS_IS_EMPTY_TITLE": "%1 הוא ריק",
	"LISTS_TOOLTIP": "מחזיר אמת אם הרשימה ריקה.",
	"LISTS_INLIST": "ברשימה",
	"LISTS_INDEX_OF_HELPURL": "https://code.google.com/p/blockly/wiki/Lists#Getting_Items_from_a_List",
	"LISTS_INDEX_OF_FIRST": "מחזירה את המיקום הראשון של פריט ברשימה",
	"LISTS_INDEX_OF_LAST": "מחזירה את המיקום האחרון של פריט ברשימה",
	"LISTS_INDEX_OF_TOOLTIP": "מחזירה את האינדקס של המופע ראשון/אחרון של הפריט ברשימה.  מחזירה 0 אם טקסט אינו נמצא.",
	"LISTS_GET_INDEX_GET": "לקבל",
	"LISTS_GET_INDEX_GET_REMOVE": "קבל ומחק",
	"LISTS_GET_INDEX_REMOVE": "הסרה",
	"LISTS_GET_INDEX_FROM_START": "#",
	"LISTS_GET_INDEX_FROM_END": "# מהסוף",
	"LISTS_GET_INDEX_FIRST": "ראשון",
	"LISTS_GET_INDEX_LAST": "אחרון",
	"LISTS_GET_INDEX_RANDOM": "אקראי",
	"LISTS_GET_INDEX_TOOLTIP_GET_FROM_START": "מחזיר פריט במיקום שצוין ברשימה. #1 הוא הפריט הראשון.",
	"LISTS_GET_INDEX_TOOLTIP_GET_FROM_END": "מחזיר פריט במיקום שצוין ברשימה. #1 הוא הפריט האחרון.",
	"LISTS_GET_INDEX_TOOLTIP_GET_FIRST": "מחזיר את הפריט הראשון ברשימה.",
	"LISTS_GET_INDEX_TOOLTIP_GET_LAST": "מחזיר את הפריט האחרון ברשימה.",
	"LISTS_GET_INDEX_TOOLTIP_GET_RANDOM": "מחזיר פריט אקראי מהרשימה.",
	"LISTS_GET_INDEX_TOOLTIP_GET_REMOVE_FROM_START": "מסיר ומחזיר את הפריט במיקום שצוין ברשימה.  #1 הוא הפריט הראשון.",
	"LISTS_GET_INDEX_TOOLTIP_GET_REMOVE_FROM_END": "מסיר ומחזיר את הפריט במיקום שצוין ברשימה.  #1 הוא הפריט האחרון.",
	"LISTS_GET_INDEX_TOOLTIP_GET_REMOVE_FIRST": "מסיר ומחזיר את הפריט הראשון ברשימה.",
	"LISTS_GET_INDEX_TOOLTIP_GET_REMOVE_LAST": "מסיר ומחזיר את הפריט האחרון ברשימה.",
	"LISTS_GET_INDEX_TOOLTIP_GET_REMOVE_RANDOM": "מחק והחזר פריט אקראי מהרשימה.",
	"LISTS_GET_INDEX_TOOLTIP_REMOVE_FROM_START": "מחזיר פריט במיקום שצוין ברשימה. #1 הוא הפריט הראשון.",
	"LISTS_GET_INDEX_TOOLTIP_REMOVE_FROM_END": "מחזיר פריט במיקום שצוין ברשימה. #1 הוא הפריט האחרון.",
	"LISTS_GET_INDEX_TOOLTIP_REMOVE_FIRST": "הסר את הפריט הראשון ברשימה.",
	"LISTS_GET_INDEX_TOOLTIP_REMOVE_LAST": "הסר את הפריט הראשון ברשימה.",
	"LISTS_GET_INDEX_TOOLTIP_REMOVE_RANDOM": "הסר פריט אקראי ברשימה.",
	"LISTS_SET_INDEX_HELPURL": "https://code.google.com/p/blockly/wiki/Lists#in_list_..._set",
	"LISTS_SET_INDEX_SET": "הגדר",
	"LISTS_SET_INDEX_INSERT": "הכנס ב",
	"LISTS_SET_INDEX_INPUT_TO": "כמו",
	"LISTS_SET_INDEX_TOOLTIP_SET_FROM_START": "מגדיר את הפריט במיקום שצוין ברשימה.  #1 הוא הפריט הראשון.",
	"LISTS_SET_INDEX_TOOLTIP_SET_FROM_END": "מגדיר את הפריט במיקום שצוין ברשימה.  #1 הוא הפריט האחרון.",
	"LISTS_SET_INDEX_TOOLTIP_SET_FIRST": "מגדיר את הפריט הראשון ברשימה.",
	"LISTS_SET_INDEX_TOOLTIP_SET_LAST": "מגדיר את הפריט האחרון ברשימה.",
	"LISTS_SET_INDEX_TOOLTIP_SET_RANDOM": "מגדיר פריט אקראי ברשימה.",
	"LISTS_SET_INDEX_TOOLTIP_INSERT_FROM_START": "מכניס את הפריט במיקום שצוין ברשימה.  #1 הוא הפריט הראשון.",
	"LISTS_SET_INDEX_TOOLTIP_INSERT_FROM_END": "מכניס את הפריט במיקום שצוין ברשימה.  #1 הוא הפריט האחרון.",
	"LISTS_SET_INDEX_TOOLTIP_INSERT_FIRST": "מכניס את הפריט בתחילת רשימה.",
	"LISTS_SET_INDEX_TOOLTIP_INSERT_LAST": "מוסיף את הפריט בסוף רשימה.",
	"LISTS_SET_INDEX_TOOLTIP_INSERT_RANDOM": "הוסף פריט באופן אקראי ברשימה.",
	"LISTS_GET_SUBLIST_HELPURL": "https://code.google.com/p/blockly/wiki/Lists#Getting_a_sublist",
	"LISTS_GET_SUBLIST_START_FROM_START": "מחזירה חלק מהרשימה החל מ-#",
	"LISTS_GET_SUBLIST_START_FROM_END": "מחזירה חלק מהרשימה החל מ-# עד הסוף",
	"LISTS_GET_SUBLIST_START_FIRST": "get sub-list from first",
	"LISTS_GET_SUBLIST_END_FROM_START": "ל #",
	"LISTS_GET_SUBLIST_END_FROM_END": "ל # מהסוף",
	"LISTS_GET_SUBLIST_END_LAST": "לאחרון",
	"LISTS_GET_SUBLIST_TOOLTIP": "יוצרת עותק של חלק מסוים מהרשימה.",
	"VARIABLES_GET_HELPURL": "http://code.google.com/p/blockly/wiki/Variables#Get",
	"VARIABLES_GET_TOOLTIP": "Returns the value of this variable.",
	"VARIABLES_GET_CREATE_SET": "Create 'set %1'",
	"VARIABLES_SET_HELPURL": "http://code.google.com/p/blockly/wiki/Variables#Set",
	"VARIABLES_SET_TITLE": "set",
	"VARIABLES_SET_TAIL": "to",
	"VARIABLES_SET_TOOLTIP": "Sets this variable to be equal to the input.",
	"VARIABLES_SET_CREATE_GET": "Create 'get %1'",
	"PROCEDURES_DEFNORETURN_HELPURL": "http://en.wikipedia.org/wiki/Procedure_%28computer_science%29",
	"PROCEDURES_DEFNORETURN_TITLE": "to",
	"PROCEDURES_DEFNORETURN_PROCEDURE": "do something",
	"PROCEDURES_BEFORE_PARAMS": "with:",
	"PROCEDURES_DEFNORETURN_TOOLTIP": "Creates a function with no output.",
	"PROCEDURES_DEFRETURN_HELPURL": "http://en.wikipedia.org/wiki/Procedure_%28computer_science%29",
	"PROCEDURES_DEFRETURN_RETURN": "return",
	"PROCEDURES_DEFRETURN_TOOLTIP": "Creates a function with an output.",
	"PROCEDURES_DEF_DUPLICATE_WARNING": "Warning: This function has duplicate parameters.",
	"PROCEDURES_CALLNORETURN_HELPURL": "http://en.wikipedia.org/wiki/Procedure_%28computer_science%29",
	"PROCEDURES_CALLNORETURN_TOOLTIP": "Run the user-defined function '%1'.",
	"PROCEDURES_CALLRETURN_HELPURL": "http://en.wikipedia.org/wiki/Procedure_%28computer_science%29",
	"PROCEDURES_CALLRETURN_TOOLTIP": "Run the user-defined function '%1' and use its output.",
	"PROCEDURES_MUTATORCONTAINER_TITLE": "מקורות קלט",
	"PROCEDURES_MUTATORCONTAINER_TOOLTIP": "הוסף, הסר או סדר מחדש קלטים לפונקציה זו",
	"PROCEDURES_MUTATORARG_TITLE": "שם הקלט:",
	"PROCEDURES_MUTATORARG_TOOLTIP": "הוסף קלט לפונקציה",
	"PROCEDURES_HIGHLIGHT_DEF": "Highlight function definition",
	"PROCEDURES_CREATE_DO": "Create '%1'",
	"PROCEDURES_IFRETURN_TOOLTIP": "If a value is true, then return a second value.",
	"PROCEDURES_IFRETURN_WARNING": "Warning: This block may be used only within a function definition."
}
